img_00000.jpeg, 0
img_00001.jpeg, 0
img_00002.jpeg, 1
img_00003.jpeg, 0
img_00004.jpeg, 1
img_00005.jpeg, 0
img_00006.jpeg, 0
img_00007.jpeg, 0
img_00008.jpeg, 0
img_00009.jpeg, 1
img_00010.jpeg, 0
img_00011.jpeg, 0
img_00012.jpeg, 0
img_00013.jpeg, 0
img_00014.jpeg, 0
img_00015.jpeg, 0
img_00016.jpeg, 0
img_00017.jpeg, 0
img_00018.jpeg, 0
img_00019.jpeg, 1
img_00020.jpeg, 0
img_00021.jpeg, 1
img_00022.jpeg, 0
img_00023.jpeg, 0
img_00024.jpeg, 0
img_00025.jpeg, 1
img_00026.jpeg, 0
img_00027.jpeg, 0
img_00028.jpeg, 1
img_00029.jpeg, 0
img_00030.jpeg, 1
img_00031.jpeg, 0
img_00032.jpeg, 0
img_00033.jpeg, 0
img_00034.jpeg, 0
img_00035.jpeg, 0
img_00036.jpeg, 0
img_00037.jpeg, 1
img_00038.jpeg, 0
img_00039.jpeg, 0
img_00040.jpeg, 1
img_00041.jpeg, 1
img_00042.jpeg, 0
img_00043.jpeg, 1
img_00044.jpeg, 0
img_00045.jpeg, 1
img_00046.jpeg, 0
img_00047.jpeg, 0
img_00048.jpeg, 0
img_00049.jpeg, 0
img_00050.jpeg, 0
img_00051.jpeg, 0
img_00052.jpeg, 0
img_00053.jpeg, 0
img_00054.jpeg, 0
img_00055.jpeg, 0
img_00056.jpeg, 0
img_00057.jpeg, 0
img_00058.jpeg, 0
img_00059.jpeg, 1
img_00060.jpeg, 0
img_00061.jpeg, 0
img_00062.jpeg, 0
img_00063.jpeg, 0
img_00064.jpeg, 1
img_00065.jpeg, 0
img_00066.jpeg, 1
img_00067.jpeg, 1
img_00068.jpeg, 0
img_00069.jpeg, 0
img_00070.jpeg, 0
img_00071.jpeg, 0
img_00072.jpeg, 1
img_00073.jpeg, 0
img_00074.jpeg, 1
img_00075.jpeg, 1
img_00076.jpeg, 1
img_00077.jpeg, 1
img_00078.jpeg, 0
img_00079.jpeg, 1
img_00080.jpeg, 0
img_00081.jpeg, 0
img_00082.jpeg, 0
img_00083.jpeg, 0
img_00084.jpeg, 0
img_00085.jpeg, 1
img_00086.jpeg, 0
img_00087.jpeg, 0
img_00088.jpeg, 0
img_00089.jpeg, 1
img_00090.jpeg, 1
img_00091.jpeg, 1
img_00092.jpeg, 0
img_00093.jpeg, 1
img_00094.jpeg, 0
img_00095.jpeg, 1
img_00096.jpeg, 0
img_00097.jpeg, 1
img_00098.jpeg, 0
img_00099.jpeg, 1
img_00100.jpeg, 0
img_00101.jpeg, 0
img_00102.jpeg, 0
img_00103.jpeg, 0
img_00104.jpeg, 1
img_00105.jpeg, 0
img_00106.jpeg, 0
img_00107.jpeg, 1
img_00108.jpeg, 0
img_00109.jpeg, 0
img_00110.jpeg, 0
img_00111.jpeg, 1
img_00112.jpeg, 1
img_00113.jpeg, 0
img_00114.jpeg, 0
img_00115.jpeg, 0
img_00116.jpeg, 0
img_00117.jpeg, 1
img_00118.jpeg, 0
img_00119.jpeg, 0
img_00120.jpeg, 0
img_00121.jpeg, 1
img_00122.jpeg, 1
img_00123.jpeg, 0
img_00124.jpeg, 0
img_00125.jpeg, 0
img_00126.jpeg, 0
img_00127.jpeg, 0
img_00128.jpeg, 1
img_00129.jpeg, 0
img_00130.jpeg, 1
img_00131.jpeg, 1
img_00132.jpeg, 0
img_00133.jpeg, 0
img_00134.jpeg, 1
img_00135.jpeg, 0
img_00136.jpeg, 1
img_00137.jpeg, 1
img_00138.jpeg, 0
img_00139.jpeg, 0
img_00140.jpeg, 0
img_00141.jpeg, 0
img_00142.jpeg, 0
img_00143.jpeg, 0
img_00144.jpeg, 1
img_00145.jpeg, 0
img_00146.jpeg, 1
img_00147.jpeg, 0
img_00148.jpeg, 0
img_00149.jpeg, 0
img_00150.jpeg, 1
img_00151.jpeg, 0
img_00152.jpeg, 1
img_00153.jpeg, 0
img_00154.jpeg, 0
img_00155.jpeg, 0
img_00156.jpeg, 0
img_00157.jpeg, 0
img_00158.jpeg, 0
img_00159.jpeg, 0
img_00160.jpeg, 0
img_00161.jpeg, 0
img_00162.jpeg, 0
img_00163.jpeg, 0
img_00164.jpeg, 0
img_00165.jpeg, 0
img_00166.jpeg, 1
img_00167.jpeg, 0
img_00168.jpeg, 0
img_00169.jpeg, 1
img_00170.jpeg, 0
img_00171.jpeg, 1
img_00172.jpeg, 0
img_00173.jpeg, 1
img_00174.jpeg, 0
img_00175.jpeg, 1
img_00176.jpeg, 0
img_00177.jpeg, 0
img_00178.jpeg, 0
img_00179.jpeg, 0
img_00180.jpeg, 1
img_00181.jpeg, 0
img_00182.jpeg, 0
img_00183.jpeg, 0
img_00184.jpeg, 1
img_00185.jpeg, 0
img_00186.jpeg, 0
img_00187.jpeg, 0
img_00188.jpeg, 0
img_00189.jpeg, 0
img_00190.jpeg, 0
img_00191.jpeg, 0
img_00192.jpeg, 0
img_00193.jpeg, 0
img_00194.jpeg, 0
img_00195.jpeg, 0
img_00196.jpeg, 1
img_00197.jpeg, 0
img_00198.jpeg, 0
img_00199.jpeg, 1
img_00200.jpeg, 0
img_00201.jpeg, 0
img_00202.jpeg, 0
img_00203.jpeg, 1
img_00204.jpeg, 1
img_00205.jpeg, 1
img_00206.jpeg, 0
img_00207.jpeg, 0
img_00208.jpeg, 0
img_00209.jpeg, 0
img_00210.jpeg, 0
img_00211.jpeg, 0
img_00212.jpeg, 0
img_00213.jpeg, 1
img_00214.jpeg, 0
img_00215.jpeg, 1
img_00216.jpeg, 1
img_00217.jpeg, 0
img_00218.jpeg, 0
img_00219.jpeg, 0
img_00220.jpeg, 0
img_00221.jpeg, 0
img_00222.jpeg, 0
img_00223.jpeg, 0
img_00224.jpeg, 0
img_00225.jpeg, 0
img_00226.jpeg, 1
img_00227.jpeg, 1
img_00228.jpeg, 0
img_00229.jpeg, 0
img_00230.jpeg, 0
img_00231.jpeg, 1
img_00232.jpeg, 0
img_00233.jpeg, 1
img_00234.jpeg, 1
img_00235.jpeg, 0
img_00236.jpeg, 0
img_00237.jpeg, 0
img_00238.jpeg, 0
img_00239.jpeg, 0
img_00240.jpeg, 1
img_00241.jpeg, 0
img_00242.jpeg, 0
img_00243.jpeg, 0
img_00244.jpeg, 0
img_00245.jpeg, 1
img_00246.jpeg, 0
img_00247.jpeg, 0
img_00248.jpeg, 0
img_00249.jpeg, 0
img_00250.jpeg, 1
img_00251.jpeg, 0
img_00252.jpeg, 0
img_00253.jpeg, 1
img_00254.jpeg, 0
img_00255.jpeg, 0
img_00256.jpeg, 0
img_00257.jpeg, 0
img_00258.jpeg, 0
img_00259.jpeg, 0
img_00260.jpeg, 0
img_00261.jpeg, 0
img_00262.jpeg, 1
img_00263.jpeg, 0
img_00264.jpeg, 0
img_00265.jpeg, 0
img_00266.jpeg, 0
img_00267.jpeg, 0
img_00268.jpeg, 0
img_00269.jpeg, 0
img_00270.jpeg, 0
img_00271.jpeg, 0
img_00272.jpeg, 0
img_00273.jpeg, 0
img_00274.jpeg, 0
img_00275.jpeg, 0
img_00276.jpeg, 0
img_00277.jpeg, 1
img_00278.jpeg, 0
img_00279.jpeg, 0
img_00280.jpeg, 1
img_00281.jpeg, 1
img_00282.jpeg, 1
img_00283.jpeg, 0
img_00284.jpeg, 0
img_00285.jpeg, 0
img_00286.jpeg, 1
img_00287.jpeg, 0
img_00288.jpeg, 1
img_00289.jpeg, 1
img_00290.jpeg, 0
img_00291.jpeg, 0
img_00292.jpeg, 0
img_00293.jpeg, 0
img_00294.jpeg, 0
img_00295.jpeg, 0
img_00296.jpeg, 1
img_00297.jpeg, 0
img_00298.jpeg, 0
img_00299.jpeg, 0
img_00300.jpeg, 0
img_00301.jpeg, 1
img_00302.jpeg, 0
img_00303.jpeg, 0
img_00304.jpeg, 0
img_00305.jpeg, 1
img_00306.jpeg, 0
img_00307.jpeg, 0
img_00308.jpeg, 0
img_00309.jpeg, 0
img_00310.jpeg, 1
img_00311.jpeg, 0
img_00312.jpeg, 1
img_00313.jpeg, 1
img_00314.jpeg, 0
img_00315.jpeg, 0
img_00316.jpeg, 0
img_00317.jpeg, 0
img_00318.jpeg, 0
img_00319.jpeg, 0
img_00320.jpeg, 0
img_00321.jpeg, 0
img_00322.jpeg, 1
img_00323.jpeg, 0
img_00324.jpeg, 1
img_00325.jpeg, 1
img_00326.jpeg, 0
img_00327.jpeg, 1
img_00328.jpeg, 0
img_00329.jpeg, 1
img_00330.jpeg, 0
img_00331.jpeg, 0
img_00332.jpeg, 1
img_00333.jpeg, 0
img_00334.jpeg, 0
img_00335.jpeg, 1
img_00336.jpeg, 1
img_00337.jpeg, 0
img_00338.jpeg, 0
img_00339.jpeg, 0
img_00340.jpeg, 0
img_00341.jpeg, 1
img_00342.jpeg, 0
img_00343.jpeg, 0
img_00344.jpeg, 1
img_00345.jpeg, 0
img_00346.jpeg, 1
img_00347.jpeg, 0
img_00348.jpeg, 0
img_00349.jpeg, 1
img_00350.jpeg, 1
img_00351.jpeg, 0
img_00352.jpeg, 0
img_00353.jpeg, 1
img_00354.jpeg, 1
img_00355.jpeg, 1
img_00356.jpeg, 0
img_00357.jpeg, 1
img_00358.jpeg, 0
img_00359.jpeg, 0
img_00360.jpeg, 0
img_00361.jpeg, 0
img_00362.jpeg, 0
img_00363.jpeg, 0
img_00364.jpeg, 0
img_00365.jpeg, 0
img_00366.jpeg, 0
img_00367.jpeg, 0
img_00368.jpeg, 1
img_00369.jpeg, 0
img_00370.jpeg, 0
img_00371.jpeg, 0
img_00372.jpeg, 0
img_00373.jpeg, 0
img_00374.jpeg, 1
img_00375.jpeg, 0
img_00376.jpeg, 0
img_00377.jpeg, 1
img_00378.jpeg, 0
img_00379.jpeg, 0
img_00380.jpeg, 0
img_00381.jpeg, 1
img_00382.jpeg, 0
img_00383.jpeg, 0
img_00384.jpeg, 0
img_00385.jpeg, 0
img_00386.jpeg, 0
img_00387.jpeg, 0
img_00388.jpeg, 0
img_00389.jpeg, 1
img_00390.jpeg, 0
img_00391.jpeg, 1
img_00392.jpeg, 1
img_00393.jpeg, 0
img_00394.jpeg, 0
img_00395.jpeg, 0
img_00396.jpeg, 0
img_00397.jpeg, 0
img_00398.jpeg, 0
img_00399.jpeg, 0
img_00400.jpeg, 0
img_00401.jpeg, 0
img_00402.jpeg, 0
img_00403.jpeg, 0
img_00404.jpeg, 0
img_00405.jpeg, 0
img_00406.jpeg, 0
img_00407.jpeg, 1
img_00408.jpeg, 0
img_00409.jpeg, 0
img_00410.jpeg, 0
img_00411.jpeg, 0
img_00412.jpeg, 1
img_00413.jpeg, 0
img_00414.jpeg, 0
img_00415.jpeg, 0
img_00416.jpeg, 0
img_00417.jpeg, 0
img_00418.jpeg, 0
img_00419.jpeg, 1
img_00420.jpeg, 1
img_00421.jpeg, 0
img_00422.jpeg, 0
img_00423.jpeg, 1
img_00424.jpeg, 0
img_00425.jpeg, 0
img_00426.jpeg, 1
img_00427.jpeg, 0
img_00428.jpeg, 0
img_00429.jpeg, 0
img_00430.jpeg, 0
img_00431.jpeg, 0
img_00432.jpeg, 1
img_00433.jpeg, 0
img_00434.jpeg, 0
img_00435.jpeg, 1
img_00436.jpeg, 0
img_00437.jpeg, 0
img_00438.jpeg, 0
img_00439.jpeg, 0
img_00440.jpeg, 0
img_00441.jpeg, 0
img_00442.jpeg, 0
img_00443.jpeg, 1
img_00444.jpeg, 1
img_00445.jpeg, 0
img_00446.jpeg, 1
img_00447.jpeg, 0
img_00448.jpeg, 0
img_00449.jpeg, 1
img_00450.jpeg, 0
img_00451.jpeg, 0
img_00452.jpeg, 0
img_00453.jpeg, 0
img_00454.jpeg, 0
img_00455.jpeg, 0
img_00456.jpeg, 0
img_00457.jpeg, 1
img_00458.jpeg, 0
img_00459.jpeg, 0
img_00460.jpeg, 0
img_00461.jpeg, 0
img_00462.jpeg, 0
img_00463.jpeg, 0
img_00464.jpeg, 1
img_00465.jpeg, 0
img_00466.jpeg, 1
img_00467.jpeg, 0
img_00468.jpeg, 0
img_00469.jpeg, 0
img_00470.jpeg, 0
img_00471.jpeg, 1
img_00472.jpeg, 0
img_00473.jpeg, 0
img_00474.jpeg, 0
img_00475.jpeg, 1
img_00476.jpeg, 0
img_00477.jpeg, 0
img_00478.jpeg, 0
img_00479.jpeg, 1
img_00480.jpeg, 0
img_00481.jpeg, 0
img_00482.jpeg, 0
img_00483.jpeg, 1
img_00484.jpeg, 0
img_00485.jpeg, 0
img_00486.jpeg, 0
img_00487.jpeg, 0
img_00488.jpeg, 0
img_00489.jpeg, 0
img_00490.jpeg, 0
img_00491.jpeg, 0
img_00492.jpeg, 0
img_00493.jpeg, 0
img_00494.jpeg, 0
img_00495.jpeg, 0
img_00496.jpeg, 1
img_00497.jpeg, 1
img_00498.jpeg, 0
img_00499.jpeg, 0
img_00500.jpeg, 1
img_00501.jpeg, 0
img_00502.jpeg, 1
img_00503.jpeg, 0
img_00504.jpeg, 0
img_00505.jpeg, 1
img_00506.jpeg, 0
img_00507.jpeg, 1
img_00508.jpeg, 0
img_00509.jpeg, 0
img_00510.jpeg, 0
img_00511.jpeg, 0
img_00512.jpeg, 0
img_00513.jpeg, 0
img_00514.jpeg, 1
img_00515.jpeg, 1
img_00516.jpeg, 1
img_00517.jpeg, 0
img_00518.jpeg, 0
img_00519.jpeg, 0
img_00520.jpeg, 0
img_00521.jpeg, 0
img_00522.jpeg, 0
img_00523.jpeg, 0
img_00524.jpeg, 0
img_00525.jpeg, 1
img_00526.jpeg, 0
img_00527.jpeg, 0
img_00528.jpeg, 1
img_00529.jpeg, 0
img_00530.jpeg, 0
img_00531.jpeg, 1
img_00532.jpeg, 0
img_00533.jpeg, 0
img_00534.jpeg, 1
img_00535.jpeg, 1
img_00536.jpeg, 0
img_00537.jpeg, 0
img_00538.jpeg, 1
img_00539.jpeg, 0
img_00540.jpeg, 0
img_00541.jpeg, 1
img_00542.jpeg, 0
img_00543.jpeg, 0
img_00544.jpeg, 0
img_00545.jpeg, 0
img_00546.jpeg, 0
img_00547.jpeg, 0
img_00548.jpeg, 0
img_00549.jpeg, 0
img_00550.jpeg, 0
img_00551.jpeg, 0
img_00552.jpeg, 1
img_00553.jpeg, 0
img_00554.jpeg, 1
img_00555.jpeg, 1
img_00556.jpeg, 1
img_00557.jpeg, 0
img_00558.jpeg, 1
img_00559.jpeg, 0
img_00560.jpeg, 0
img_00561.jpeg, 0
img_00562.jpeg, 1
img_00563.jpeg, 0
img_00564.jpeg, 0
img_00565.jpeg, 0
img_00566.jpeg, 0
img_00567.jpeg, 0
img_00568.jpeg, 0
img_00569.jpeg, 0
img_00570.jpeg, 0
img_00571.jpeg, 0
img_00572.jpeg, 0
img_00573.jpeg, 1
img_00574.jpeg, 0
img_00575.jpeg, 0
img_00576.jpeg, 0
img_00577.jpeg, 0
img_00578.jpeg, 1
img_00579.jpeg, 1
img_00580.jpeg, 0
img_00581.jpeg, 0
img_00582.jpeg, 0
img_00583.jpeg, 0
img_00584.jpeg, 0
img_00585.jpeg, 0
img_00586.jpeg, 0
img_00587.jpeg, 0
img_00588.jpeg, 0
img_00589.jpeg, 1
img_00590.jpeg, 0
img_00591.jpeg, 0
img_00592.jpeg, 1
img_00593.jpeg, 1
img_00594.jpeg, 1
img_00595.jpeg, 1
img_00596.jpeg, 1
img_00597.jpeg, 1
img_00598.jpeg, 0
img_00599.jpeg, 0
img_00600.jpeg, 0
img_00601.jpeg, 0
img_00602.jpeg, 0
img_00603.jpeg, 0
img_00604.jpeg, 0
img_00605.jpeg, 1
img_00606.jpeg, 0
img_00607.jpeg, 0
img_00608.jpeg, 1
img_00609.jpeg, 0
img_00610.jpeg, 0
img_00611.jpeg, 0
img_00612.jpeg, 1
img_00613.jpeg, 0
img_00614.jpeg, 0
img_00615.jpeg, 0
img_00616.jpeg, 0
img_00617.jpeg, 1
img_00618.jpeg, 0
img_00619.jpeg, 1
img_00620.jpeg, 0
img_00621.jpeg, 0
img_00622.jpeg, 0
img_00623.jpeg, 1
img_00624.jpeg, 1
img_00625.jpeg, 0
img_00626.jpeg, 0
img_00627.jpeg, 0
img_00628.jpeg, 0
img_00629.jpeg, 0
img_00630.jpeg, 1
img_00631.jpeg, 0
img_00632.jpeg, 0
img_00633.jpeg, 0
img_00634.jpeg, 0
img_00635.jpeg, 1
img_00636.jpeg, 1
img_00637.jpeg, 0
img_00638.jpeg, 0
img_00639.jpeg, 0
img_00640.jpeg, 0
img_00641.jpeg, 0
img_00642.jpeg, 0
img_00643.jpeg, 1
img_00644.jpeg, 0
img_00645.jpeg, 1
img_00646.jpeg, 0
img_00647.jpeg, 1
img_00648.jpeg, 0
img_00649.jpeg, 0
img_00650.jpeg, 0
img_00651.jpeg, 0
img_00652.jpeg, 1
img_00653.jpeg, 0
img_00654.jpeg, 0
img_00655.jpeg, 0
img_00656.jpeg, 0
img_00657.jpeg, 0
img_00658.jpeg, 0
img_00659.jpeg, 1
img_00660.jpeg, 0
img_00661.jpeg, 0
img_00662.jpeg, 1
img_00663.jpeg, 0
img_00664.jpeg, 0
img_00665.jpeg, 0
img_00666.jpeg, 0
img_00667.jpeg, 1
img_00668.jpeg, 0
img_00669.jpeg, 0
img_00670.jpeg, 0
img_00671.jpeg, 1
img_00672.jpeg, 0
img_00673.jpeg, 1
img_00674.jpeg, 1
img_00675.jpeg, 0
img_00676.jpeg, 0
img_00677.jpeg, 0
img_00678.jpeg, 0
img_00679.jpeg, 0
img_00680.jpeg, 1
img_00681.jpeg, 0
img_00682.jpeg, 1
img_00683.jpeg, 0
img_00684.jpeg, 0
img_00685.jpeg, 0
img_00686.jpeg, 0
img_00687.jpeg, 0
img_00688.jpeg, 1
img_00689.jpeg, 0
img_00690.jpeg, 0
img_00691.jpeg, 0
img_00692.jpeg, 0
img_00693.jpeg, 0
img_00694.jpeg, 0
img_00695.jpeg, 0
img_00696.jpeg, 0
img_00697.jpeg, 0
img_00698.jpeg, 0
img_00699.jpeg, 1
img_00700.jpeg, 0
img_00701.jpeg, 1
img_00702.jpeg, 0
img_00703.jpeg, 0
img_00704.jpeg, 0
img_00705.jpeg, 1
img_00706.jpeg, 0
img_00707.jpeg, 0
img_00708.jpeg, 0
img_00709.jpeg, 0
img_00710.jpeg, 0
img_00711.jpeg, 0
img_00712.jpeg, 0
img_00713.jpeg, 0
img_00714.jpeg, 1
img_00715.jpeg, 0
img_00716.jpeg, 0
img_00717.jpeg, 1
img_00718.jpeg, 0
img_00719.jpeg, 0
img_00720.jpeg, 0
img_00721.jpeg, 0
img_00722.jpeg, 0
img_00723.jpeg, 1
img_00724.jpeg, 0
img_00725.jpeg, 0
img_00726.jpeg, 1
img_00727.jpeg, 0
img_00728.jpeg, 0
img_00729.jpeg, 1
img_00730.jpeg, 0
img_00731.jpeg, 1
img_00732.jpeg, 0
img_00733.jpeg, 0
img_00734.jpeg, 0
img_00735.jpeg, 0
img_00736.jpeg, 0
img_00737.jpeg, 1
img_00738.jpeg, 1
img_00739.jpeg, 1
img_00740.jpeg, 0
img_00741.jpeg, 0
img_00742.jpeg, 0
img_00743.jpeg, 0
img_00744.jpeg, 1
img_00745.jpeg, 0
img_00746.jpeg, 0
img_00747.jpeg, 0
img_00748.jpeg, 0
img_00749.jpeg, 0
img_00750.jpeg, 0
img_00751.jpeg, 0
img_00752.jpeg, 0
img_00753.jpeg, 0
img_00754.jpeg, 1
img_00755.jpeg, 1
img_00756.jpeg, 0
img_00757.jpeg, 1
img_00758.jpeg, 1
img_00759.jpeg, 0
img_00760.jpeg, 0
img_00761.jpeg, 0
img_00762.jpeg, 0
img_00763.jpeg, 0
img_00764.jpeg, 0
img_00765.jpeg, 0
img_00766.jpeg, 0
img_00767.jpeg, 0
img_00768.jpeg, 0
img_00769.jpeg, 0
img_00770.jpeg, 0
img_00771.jpeg, 0
img_00772.jpeg, 0
img_00773.jpeg, 0
img_00774.jpeg, 0
img_00775.jpeg, 0
img_00776.jpeg, 0
img_00777.jpeg, 0
img_00778.jpeg, 0
img_00779.jpeg, 1
img_00780.jpeg, 0
img_00781.jpeg, 0
img_00782.jpeg, 0
img_00783.jpeg, 0
img_00784.jpeg, 1
img_00785.jpeg, 1
img_00786.jpeg, 1
img_00787.jpeg, 0
img_00788.jpeg, 0
img_00789.jpeg, 0
img_00790.jpeg, 0
img_00791.jpeg, 1
img_00792.jpeg, 1
img_00793.jpeg, 0
img_00794.jpeg, 0
img_00795.jpeg, 1
img_00796.jpeg, 0
img_00797.jpeg, 1
img_00798.jpeg, 0
img_00799.jpeg, 0
img_00800.jpeg, 0
img_00801.jpeg, 1
img_00802.jpeg, 0
img_00803.jpeg, 1
img_00804.jpeg, 0
img_00805.jpeg, 0
img_00806.jpeg, 0
img_00807.jpeg, 0
img_00808.jpeg, 1
img_00809.jpeg, 0
img_00810.jpeg, 0
img_00811.jpeg, 0
img_00812.jpeg, 0
img_00813.jpeg, 0
img_00814.jpeg, 0
img_00815.jpeg, 0
img_00816.jpeg, 0
img_00817.jpeg, 0
img_00818.jpeg, 1
img_00819.jpeg, 0
img_00820.jpeg, 0
img_00821.jpeg, 0
img_00822.jpeg, 0
img_00823.jpeg, 1
img_00824.jpeg, 0
img_00825.jpeg, 1
img_00826.jpeg, 0
img_00827.jpeg, 1
img_00828.jpeg, 0
img_00829.jpeg, 0
img_00830.jpeg, 0
img_00831.jpeg, 0
img_00832.jpeg, 0
img_00833.jpeg, 1
img_00834.jpeg, 0
img_00835.jpeg, 0
img_00836.jpeg, 1
img_00837.jpeg, 1
img_00838.jpeg, 0
img_00839.jpeg, 0
img_00840.jpeg, 1
img_00841.jpeg, 0
img_00842.jpeg, 1
img_00843.jpeg, 0
img_00844.jpeg, 0
img_00845.jpeg, 0
img_00846.jpeg, 0
img_00847.jpeg, 0
img_00848.jpeg, 0
img_00849.jpeg, 0
img_00850.jpeg, 0
img_00851.jpeg, 0
img_00852.jpeg, 0
img_00853.jpeg, 0
img_00854.jpeg, 1
img_00855.jpeg, 0
img_00856.jpeg, 0
img_00857.jpeg, 0
img_00858.jpeg, 0
img_00859.jpeg, 1
img_00860.jpeg, 1
img_00861.jpeg, 0
img_00862.jpeg, 0
img_00863.jpeg, 1
img_00864.jpeg, 0
img_00865.jpeg, 0
img_00866.jpeg, 1
img_00867.jpeg, 1
img_00868.jpeg, 0
img_00869.jpeg, 0
img_00870.jpeg, 1
img_00871.jpeg, 0
img_00872.jpeg, 0
img_00873.jpeg, 0
img_00874.jpeg, 0
img_00875.jpeg, 0
img_00876.jpeg, 0
img_00877.jpeg, 0
img_00878.jpeg, 0
img_00879.jpeg, 0
img_00880.jpeg, 0
img_00881.jpeg, 0
img_00882.jpeg, 0
img_00883.jpeg, 1
img_00884.jpeg, 0
img_00885.jpeg, 0
img_00886.jpeg, 1
img_00887.jpeg, 0
img_00888.jpeg, 0
img_00889.jpeg, 0
img_00890.jpeg, 1
img_00891.jpeg, 1
img_00892.jpeg, 1
img_00893.jpeg, 0
img_00894.jpeg, 0
img_00895.jpeg, 0
img_00896.jpeg, 0
img_00897.jpeg, 0
img_00898.jpeg, 1
img_00899.jpeg, 0
img_00900.jpeg, 1
img_00901.jpeg, 0
img_00902.jpeg, 0
img_00903.jpeg, 0
img_00904.jpeg, 0
img_00905.jpeg, 0
img_00906.jpeg, 0
img_00907.jpeg, 1
img_00908.jpeg, 1
img_00909.jpeg, 1
img_00910.jpeg, 0
img_00911.jpeg, 0
img_00912.jpeg, 0
img_00913.jpeg, 0
img_00914.jpeg, 0
img_00915.jpeg, 1
img_00916.jpeg, 0
img_00917.jpeg, 0
img_00918.jpeg, 1
img_00919.jpeg, 0
img_00920.jpeg, 1
img_00921.jpeg, 0
img_00922.jpeg, 1
img_00923.jpeg, 0
img_00924.jpeg, 0
img_00925.jpeg, 0
img_00926.jpeg, 0
img_00927.jpeg, 0
img_00928.jpeg, 0
img_00929.jpeg, 0
img_00930.jpeg, 1
img_00931.jpeg, 0
img_00932.jpeg, 1
img_00933.jpeg, 1
img_00934.jpeg, 1
img_00935.jpeg, 0
img_00936.jpeg, 0
img_00937.jpeg, 0
img_00938.jpeg, 1
img_00939.jpeg, 0
img_00940.jpeg, 0
img_00941.jpeg, 0
img_00942.jpeg, 0
img_00943.jpeg, 0
img_00944.jpeg, 0
img_00945.jpeg, 1
img_00946.jpeg, 0
img_00947.jpeg, 0
img_00948.jpeg, 0
img_00949.jpeg, 0
img_00950.jpeg, 1
img_00951.jpeg, 1
img_00952.jpeg, 0
img_00953.jpeg, 0
img_00954.jpeg, 0
img_00955.jpeg, 0
img_00956.jpeg, 1
img_00957.jpeg, 0
img_00958.jpeg, 1
img_00959.jpeg, 1
img_00960.jpeg, 0
img_00961.jpeg, 0
img_00962.jpeg, 0
img_00963.jpeg, 0
img_00964.jpeg, 0
img_00965.jpeg, 0
img_00966.jpeg, 1
img_00967.jpeg, 0
img_00968.jpeg, 0
img_00969.jpeg, 0
img_00970.jpeg, 0
img_00971.jpeg, 1
img_00972.jpeg, 0
img_00973.jpeg, 0
img_00974.jpeg, 0
img_00975.jpeg, 0
img_00976.jpeg, 0
img_00977.jpeg, 1
img_00978.jpeg, 0
img_00979.jpeg, 1
img_00980.jpeg, 0
img_00981.jpeg, 1
img_00982.jpeg, 0
img_00983.jpeg, 0
img_00984.jpeg, 0
img_00985.jpeg, 0
img_00986.jpeg, 0
img_00987.jpeg, 0
img_00988.jpeg, 0
img_00989.jpeg, 1
img_00990.jpeg, 0
img_00991.jpeg, 1
img_00992.jpeg, 1
img_00993.jpeg, 0
img_00994.jpeg, 1
img_00995.jpeg, 0
img_00996.jpeg, 0
img_00997.jpeg, 1
img_00998.jpeg, 0
img_00999.jpeg, 0
img_01000.jpeg, 0
img_01001.jpeg, 1
img_01002.jpeg, 0
img_01003.jpeg, 1
img_01004.jpeg, 0
img_01005.jpeg, 0
img_01006.jpeg, 0
img_01007.jpeg, 1
img_01008.jpeg, 0
img_01009.jpeg, 0
img_01010.jpeg, 0
img_01011.jpeg, 0
img_01012.jpeg, 1
img_01013.jpeg, 0
img_01014.jpeg, 0
img_01015.jpeg, 0
img_01016.jpeg, 0
img_01017.jpeg, 1
img_01018.jpeg, 1
img_01019.jpeg, 0
img_01020.jpeg, 0
img_01021.jpeg, 0
img_01022.jpeg, 0
img_01023.jpeg, 1
img_01024.jpeg, 0
img_01025.jpeg, 1
img_01026.jpeg, 0
img_01027.jpeg, 0
img_01028.jpeg, 0
img_01029.jpeg, 0
img_01030.jpeg, 0
img_01031.jpeg, 0
img_01032.jpeg, 1
img_01033.jpeg, 1
img_01034.jpeg, 0
img_01035.jpeg, 0
img_01036.jpeg, 0
img_01037.jpeg, 1
img_01038.jpeg, 0
img_01039.jpeg, 0
img_01040.jpeg, 1
img_01041.jpeg, 0
img_01042.jpeg, 0
img_01043.jpeg, 1
img_01044.jpeg, 1
img_01045.jpeg, 0
img_01046.jpeg, 0
img_01047.jpeg, 0
img_01048.jpeg, 0
img_01049.jpeg, 0
img_01050.jpeg, 1
img_01051.jpeg, 0
img_01052.jpeg, 1
img_01053.jpeg, 1
img_01054.jpeg, 0
img_01055.jpeg, 0
img_01056.jpeg, 0
img_01057.jpeg, 0
img_01058.jpeg, 0
img_01059.jpeg, 0
img_01060.jpeg, 0
img_01061.jpeg, 0
img_01062.jpeg, 0
img_01063.jpeg, 0
img_01064.jpeg, 0
img_01065.jpeg, 0
img_01066.jpeg, 1
img_01067.jpeg, 0
img_01068.jpeg, 1
img_01069.jpeg, 0
img_01070.jpeg, 1
img_01071.jpeg, 0
img_01072.jpeg, 1
img_01073.jpeg, 0
img_01074.jpeg, 0
img_01075.jpeg, 0
img_01076.jpeg, 0
img_01077.jpeg, 0
img_01078.jpeg, 0
img_01079.jpeg, 0
img_01080.jpeg, 0
img_01081.jpeg, 0
img_01082.jpeg, 0
img_01083.jpeg, 0
img_01084.jpeg, 1
img_01085.jpeg, 0
img_01086.jpeg, 0
img_01087.jpeg, 0
img_01088.jpeg, 0
img_01089.jpeg, 1
img_01090.jpeg, 1
img_01091.jpeg, 0
img_01092.jpeg, 1
img_01093.jpeg, 0
img_01094.jpeg, 0
img_01095.jpeg, 0
img_01096.jpeg, 0
img_01097.jpeg, 0
img_01098.jpeg, 1
img_01099.jpeg, 0
img_01100.jpeg, 0
img_01101.jpeg, 0
img_01102.jpeg, 0
img_01103.jpeg, 0
img_01104.jpeg, 1
img_01105.jpeg, 0
img_01106.jpeg, 0
img_01107.jpeg, 0
img_01108.jpeg, 0
img_01109.jpeg, 1
img_01110.jpeg, 0
img_01111.jpeg, 1
img_01112.jpeg, 0
img_01113.jpeg, 0
img_01114.jpeg, 1
img_01115.jpeg, 0
img_01116.jpeg, 0
img_01117.jpeg, 1
img_01118.jpeg, 0
img_01119.jpeg, 0
img_01120.jpeg, 1
img_01121.jpeg, 1
img_01122.jpeg, 0
img_01123.jpeg, 0
img_01124.jpeg, 0
img_01125.jpeg, 0
img_01126.jpeg, 0
img_01127.jpeg, 0
img_01128.jpeg, 0
img_01129.jpeg, 0
img_01130.jpeg, 0
img_01131.jpeg, 1
img_01132.jpeg, 1
img_01133.jpeg, 0
img_01134.jpeg, 0
img_01135.jpeg, 1
img_01136.jpeg, 1
img_01137.jpeg, 1
img_01138.jpeg, 0
img_01139.jpeg, 1
img_01140.jpeg, 0
img_01141.jpeg, 0
img_01142.jpeg, 0
img_01143.jpeg, 0
img_01144.jpeg, 0
img_01145.jpeg, 1
img_01146.jpeg, 0
img_01147.jpeg, 1
img_01148.jpeg, 0
img_01149.jpeg, 0
img_01150.jpeg, 0
img_01151.jpeg, 0
img_01152.jpeg, 0
img_01153.jpeg, 0
img_01154.jpeg, 0
img_01155.jpeg, 1
img_01156.jpeg, 0
img_01157.jpeg, 0
img_01158.jpeg, 1
img_01159.jpeg, 0
img_01160.jpeg, 0
img_01161.jpeg, 0
img_01162.jpeg, 0
img_01163.jpeg, 0
img_01164.jpeg, 0
img_01165.jpeg, 1
img_01166.jpeg, 1
img_01167.jpeg, 0
img_01168.jpeg, 0
img_01169.jpeg, 0
img_01170.jpeg, 1
img_01171.jpeg, 0
img_01172.jpeg, 0
img_01173.jpeg, 0
img_01174.jpeg, 0
img_01175.jpeg, 0
img_01176.jpeg, 0
img_01177.jpeg, 0
img_01178.jpeg, 0
img_01179.jpeg, 0
img_01180.jpeg, 0
img_01181.jpeg, 0
img_01182.jpeg, 0
img_01183.jpeg, 0
img_01184.jpeg, 0
img_01185.jpeg, 0
img_01186.jpeg, 0
img_01187.jpeg, 0
img_01188.jpeg, 1
img_01189.jpeg, 0
img_01190.jpeg, 0
img_01191.jpeg, 0
img_01192.jpeg, 0
img_01193.jpeg, 0
img_01194.jpeg, 0
img_01195.jpeg, 0
img_01196.jpeg, 1
img_01197.jpeg, 0
img_01198.jpeg, 0
img_01199.jpeg, 0
img_01200.jpeg, 1
img_01201.jpeg, 0
img_01202.jpeg, 0
img_01203.jpeg, 0
img_01204.jpeg, 1
img_01205.jpeg, 1
img_01206.jpeg, 0
img_01207.jpeg, 0
img_01208.jpeg, 1
img_01209.jpeg, 1
img_01210.jpeg, 0
img_01211.jpeg, 0
img_01212.jpeg, 0
img_01213.jpeg, 0
img_01214.jpeg, 1
img_01215.jpeg, 0
img_01216.jpeg, 0
img_01217.jpeg, 0
img_01218.jpeg, 0
img_01219.jpeg, 0
img_01220.jpeg, 0
img_01221.jpeg, 0
img_01222.jpeg, 0
img_01223.jpeg, 0
img_01224.jpeg, 1
img_01225.jpeg, 0
img_01226.jpeg, 1
img_01227.jpeg, 1
img_01228.jpeg, 0
img_01229.jpeg, 0
img_01230.jpeg, 0
img_01231.jpeg, 1
img_01232.jpeg, 0
img_01233.jpeg, 0
img_01234.jpeg, 0
img_01235.jpeg, 0
img_01236.jpeg, 1
img_01237.jpeg, 0
img_01238.jpeg, 0
img_01239.jpeg, 1
img_01240.jpeg, 0
img_01241.jpeg, 0
img_01242.jpeg, 0
img_01243.jpeg, 0
img_01244.jpeg, 0
img_01245.jpeg, 1
img_01246.jpeg, 1
img_01247.jpeg, 0
img_01248.jpeg, 0
img_01249.jpeg, 0
img_01250.jpeg, 0
img_01251.jpeg, 0
img_01252.jpeg, 0
img_01253.jpeg, 0
img_01254.jpeg, 0
img_01255.jpeg, 0
img_01256.jpeg, 1
img_01257.jpeg, 0
img_01258.jpeg, 1
img_01259.jpeg, 1
img_01260.jpeg, 1
img_01261.jpeg, 1
img_01262.jpeg, 0
img_01263.jpeg, 0
img_01264.jpeg, 0
img_01265.jpeg, 0
img_01266.jpeg, 1
img_01267.jpeg, 0
img_01268.jpeg, 0
img_01269.jpeg, 0
img_01270.jpeg, 0
img_01271.jpeg, 0
img_01272.jpeg, 0
img_01273.jpeg, 0
img_01274.jpeg, 0
img_01275.jpeg, 0
img_01276.jpeg, 0
img_01277.jpeg, 1
img_01278.jpeg, 0
img_01279.jpeg, 0
img_01280.jpeg, 0
img_01281.jpeg, 0
img_01282.jpeg, 0
img_01283.jpeg, 0
img_01284.jpeg, 0
img_01285.jpeg, 0
img_01286.jpeg, 1
img_01287.jpeg, 0
img_01288.jpeg, 0
img_01289.jpeg, 0
img_01290.jpeg, 0
img_01291.jpeg, 0
img_01292.jpeg, 0
img_01293.jpeg, 0
img_01294.jpeg, 0
img_01295.jpeg, 0
img_01296.jpeg, 0
img_01297.jpeg, 0
img_01298.jpeg, 1
img_01299.jpeg, 0
img_01300.jpeg, 1
img_01301.jpeg, 0
img_01302.jpeg, 1
img_01303.jpeg, 0
img_01304.jpeg, 0
img_01305.jpeg, 0
img_01306.jpeg, 0
img_01307.jpeg, 0
img_01308.jpeg, 1
img_01309.jpeg, 0
img_01310.jpeg, 0
img_01311.jpeg, 0
img_01312.jpeg, 0
img_01313.jpeg, 1
img_01314.jpeg, 0
img_01315.jpeg, 0
img_01316.jpeg, 0
img_01317.jpeg, 0
img_01318.jpeg, 0
img_01319.jpeg, 0
img_01320.jpeg, 0
img_01321.jpeg, 0
img_01322.jpeg, 0
img_01323.jpeg, 0
img_01324.jpeg, 1
img_01325.jpeg, 0
img_01326.jpeg, 0
img_01327.jpeg, 1
img_01328.jpeg, 1
img_01329.jpeg, 0
img_01330.jpeg, 0
img_01331.jpeg, 1
img_01332.jpeg, 1
img_01333.jpeg, 1
img_01334.jpeg, 1
img_01335.jpeg, 1
img_01336.jpeg, 0
img_01337.jpeg, 1
img_01338.jpeg, 0
img_01339.jpeg, 0
img_01340.jpeg, 0
img_01341.jpeg, 1
img_01342.jpeg, 0
img_01343.jpeg, 0
img_01344.jpeg, 0
img_01345.jpeg, 0
img_01346.jpeg, 0
img_01347.jpeg, 0
img_01348.jpeg, 0
img_01349.jpeg, 0
img_01350.jpeg, 0
img_01351.jpeg, 0
img_01352.jpeg, 1
img_01353.jpeg, 0
img_01354.jpeg, 0
img_01355.jpeg, 0
img_01356.jpeg, 0
img_01357.jpeg, 0
img_01358.jpeg, 1
img_01359.jpeg, 0
img_01360.jpeg, 0
img_01361.jpeg, 0
img_01362.jpeg, 0
img_01363.jpeg, 0
img_01364.jpeg, 0
img_01365.jpeg, 0
img_01366.jpeg, 1
img_01367.jpeg, 1
img_01368.jpeg, 0
img_01369.jpeg, 0
img_01370.jpeg, 1
img_01371.jpeg, 0
img_01372.jpeg, 0
img_01373.jpeg, 0
img_01374.jpeg, 0
img_01375.jpeg, 1
img_01376.jpeg, 0
img_01377.jpeg, 1
img_01378.jpeg, 0
img_01379.jpeg, 0
img_01380.jpeg, 0
img_01381.jpeg, 1
img_01382.jpeg, 0
img_01383.jpeg, 0
img_01384.jpeg, 0
img_01385.jpeg, 1
img_01386.jpeg, 1
img_01387.jpeg, 0
img_01388.jpeg, 0
img_01389.jpeg, 0
img_01390.jpeg, 1
img_01391.jpeg, 1
img_01392.jpeg, 1
img_01393.jpeg, 0
img_01394.jpeg, 0
img_01395.jpeg, 0
img_01396.jpeg, 0
img_01397.jpeg, 1
img_01398.jpeg, 0
img_01399.jpeg, 0
img_01400.jpeg, 0
img_01401.jpeg, 0
img_01402.jpeg, 0
img_01403.jpeg, 0
img_01404.jpeg, 1
img_01405.jpeg, 0
img_01406.jpeg, 0
img_01407.jpeg, 1
img_01408.jpeg, 0
img_01409.jpeg, 0
img_01410.jpeg, 0
img_01411.jpeg, 0
img_01412.jpeg, 0
img_01413.jpeg, 0
img_01414.jpeg, 0
img_01415.jpeg, 0
img_01416.jpeg, 0
img_01417.jpeg, 1
img_01418.jpeg, 0
img_01419.jpeg, 0
img_01420.jpeg, 1
img_01421.jpeg, 0
img_01422.jpeg, 0
img_01423.jpeg, 0
img_01424.jpeg, 0
img_01425.jpeg, 1
img_01426.jpeg, 1
img_01427.jpeg, 0
img_01428.jpeg, 1
img_01429.jpeg, 0
img_01430.jpeg, 0
img_01431.jpeg, 0
img_01432.jpeg, 0
img_01433.jpeg, 0
img_01434.jpeg, 0
img_01435.jpeg, 0
img_01436.jpeg, 1
img_01437.jpeg, 0
img_01438.jpeg, 0
img_01439.jpeg, 0
img_01440.jpeg, 0
img_01441.jpeg, 1
img_01442.jpeg, 1
img_01443.jpeg, 0
img_01444.jpeg, 0
img_01445.jpeg, 1
img_01446.jpeg, 1
img_01447.jpeg, 1
img_01448.jpeg, 0
img_01449.jpeg, 0
img_01450.jpeg, 0
img_01451.jpeg, 0
img_01452.jpeg, 0
img_01453.jpeg, 0
img_01454.jpeg, 0
img_01455.jpeg, 0
img_01456.jpeg, 1
img_01457.jpeg, 0
img_01458.jpeg, 0
img_01459.jpeg, 0
img_01460.jpeg, 0
img_01461.jpeg, 0
img_01462.jpeg, 1
img_01463.jpeg, 0
img_01464.jpeg, 0
img_01465.jpeg, 0
img_01466.jpeg, 0
img_01467.jpeg, 1
img_01468.jpeg, 0
img_01469.jpeg, 0
img_01470.jpeg, 1
img_01471.jpeg, 1
img_01472.jpeg, 0
img_01473.jpeg, 0
img_01474.jpeg, 0
img_01475.jpeg, 0
img_01476.jpeg, 0
img_01477.jpeg, 0
img_01478.jpeg, 0
img_01479.jpeg, 0
img_01480.jpeg, 0
img_01481.jpeg, 0
img_01482.jpeg, 0
img_01483.jpeg, 0
img_01484.jpeg, 0
img_01485.jpeg, 0
img_01486.jpeg, 0
img_01487.jpeg, 0
img_01488.jpeg, 0
img_01489.jpeg, 0
img_01490.jpeg, 0
img_01491.jpeg, 1
img_01492.jpeg, 1
img_01493.jpeg, 0
img_01494.jpeg, 1
img_01495.jpeg, 0
img_01496.jpeg, 0
img_01497.jpeg, 0
img_01498.jpeg, 1
img_01499.jpeg, 1
img_01500.jpeg, 0
img_01501.jpeg, 1
img_01502.jpeg, 0
img_01503.jpeg, 0
img_01504.jpeg, 0
img_01505.jpeg, 0
img_01506.jpeg, 0
img_01507.jpeg, 0
img_01508.jpeg, 1
img_01509.jpeg, 1
img_01510.jpeg, 0
img_01511.jpeg, 0
img_01512.jpeg, 0
img_01513.jpeg, 1
img_01514.jpeg, 0
img_01515.jpeg, 0
img_01516.jpeg, 0
img_01517.jpeg, 0
img_01518.jpeg, 1
img_01519.jpeg, 1
img_01520.jpeg, 0
img_01521.jpeg, 0
img_01522.jpeg, 1
img_01523.jpeg, 0
img_01524.jpeg, 0
img_01525.jpeg, 0
img_01526.jpeg, 1
img_01527.jpeg, 1
img_01528.jpeg, 1
img_01529.jpeg, 0
img_01530.jpeg, 0
img_01531.jpeg, 1
img_01532.jpeg, 1
img_01533.jpeg, 0
img_01534.jpeg, 0
img_01535.jpeg, 0
img_01536.jpeg, 0
img_01537.jpeg, 1
img_01538.jpeg, 1
img_01539.jpeg, 0
img_01540.jpeg, 1
img_01541.jpeg, 0
img_01542.jpeg, 0
img_01543.jpeg, 0
img_01544.jpeg, 0
img_01545.jpeg, 1
img_01546.jpeg, 1
img_01547.jpeg, 1
img_01548.jpeg, 0
img_01549.jpeg, 0
img_01550.jpeg, 0
img_01551.jpeg, 1
img_01552.jpeg, 0
img_01553.jpeg, 0
img_01554.jpeg, 1
img_01555.jpeg, 0
img_01556.jpeg, 0
img_01557.jpeg, 0
img_01558.jpeg, 0
img_01559.jpeg, 0
img_01560.jpeg, 1
img_01561.jpeg, 1
img_01562.jpeg, 0
img_01563.jpeg, 1
img_01564.jpeg, 0
img_01565.jpeg, 0
img_01566.jpeg, 0
img_01567.jpeg, 0
img_01568.jpeg, 0
img_01569.jpeg, 0
img_01570.jpeg, 0
img_01571.jpeg, 1
img_01572.jpeg, 0
img_01573.jpeg, 1
img_01574.jpeg, 0
img_01575.jpeg, 0
img_01576.jpeg, 0
img_01577.jpeg, 0
img_01578.jpeg, 0
img_01579.jpeg, 1
img_01580.jpeg, 1
img_01581.jpeg, 0
img_01582.jpeg, 0
img_01583.jpeg, 0
img_01584.jpeg, 0
img_01585.jpeg, 0
img_01586.jpeg, 1
img_01587.jpeg, 0
img_01588.jpeg, 0
img_01589.jpeg, 1
img_01590.jpeg, 0
img_01591.jpeg, 0
img_01592.jpeg, 0
img_01593.jpeg, 0
img_01594.jpeg, 0
img_01595.jpeg, 0
img_01596.jpeg, 0
img_01597.jpeg, 0
img_01598.jpeg, 0
img_01599.jpeg, 1
img_01600.jpeg, 0
img_01601.jpeg, 0
img_01602.jpeg, 0
img_01603.jpeg, 1
img_01604.jpeg, 1
img_01605.jpeg, 0
img_01606.jpeg, 0
img_01607.jpeg, 0
img_01608.jpeg, 0
img_01609.jpeg, 0
img_01610.jpeg, 0
img_01611.jpeg, 0
img_01612.jpeg, 0
img_01613.jpeg, 0
img_01614.jpeg, 0
img_01615.jpeg, 0
img_01616.jpeg, 1
img_01617.jpeg, 0
img_01618.jpeg, 1
img_01619.jpeg, 1
img_01620.jpeg, 0
img_01621.jpeg, 1
img_01622.jpeg, 0
img_01623.jpeg, 0
img_01624.jpeg, 1
img_01625.jpeg, 0
img_01626.jpeg, 0
img_01627.jpeg, 0
img_01628.jpeg, 0
img_01629.jpeg, 0
img_01630.jpeg, 0
img_01631.jpeg, 1
img_01632.jpeg, 1
img_01633.jpeg, 0
img_01634.jpeg, 1
img_01635.jpeg, 0
img_01636.jpeg, 1
img_01637.jpeg, 0
img_01638.jpeg, 0
img_01639.jpeg, 0
img_01640.jpeg, 1
img_01641.jpeg, 0
img_01642.jpeg, 1
img_01643.jpeg, 0
img_01644.jpeg, 1
img_01645.jpeg, 0
img_01646.jpeg, 0
img_01647.jpeg, 0
img_01648.jpeg, 0
img_01649.jpeg, 0
img_01650.jpeg, 0
img_01651.jpeg, 0
img_01652.jpeg, 0
img_01653.jpeg, 1
img_01654.jpeg, 0
img_01655.jpeg, 0
img_01656.jpeg, 1
img_01657.jpeg, 0
img_01658.jpeg, 0
img_01659.jpeg, 0
img_01660.jpeg, 0
img_01661.jpeg, 0
img_01662.jpeg, 1
img_01663.jpeg, 0
img_01664.jpeg, 1
img_01665.jpeg, 1
img_01666.jpeg, 0
img_01667.jpeg, 0
img_01668.jpeg, 0
img_01669.jpeg, 1
img_01670.jpeg, 0
img_01671.jpeg, 0
img_01672.jpeg, 1
img_01673.jpeg, 0
img_01674.jpeg, 0
img_01675.jpeg, 0
img_01676.jpeg, 0
img_01677.jpeg, 1
img_01678.jpeg, 1
img_01679.jpeg, 0
img_01680.jpeg, 1
img_01681.jpeg, 0
img_01682.jpeg, 0
img_01683.jpeg, 0
img_01684.jpeg, 1
img_01685.jpeg, 0
img_01686.jpeg, 0
img_01687.jpeg, 0
img_01688.jpeg, 0
img_01689.jpeg, 0
img_01690.jpeg, 1
img_01691.jpeg, 0
img_01692.jpeg, 1
img_01693.jpeg, 0
img_01694.jpeg, 0
img_01695.jpeg, 0
img_01696.jpeg, 1
img_01697.jpeg, 0
img_01698.jpeg, 0
img_01699.jpeg, 0
img_01700.jpeg, 0
img_01701.jpeg, 1
img_01702.jpeg, 0
img_01703.jpeg, 0
img_01704.jpeg, 1
img_01705.jpeg, 0
img_01706.jpeg, 1
img_01707.jpeg, 1
img_01708.jpeg, 1
img_01709.jpeg, 0
img_01710.jpeg, 0
img_01711.jpeg, 0
img_01712.jpeg, 0
img_01713.jpeg, 1
img_01714.jpeg, 1
img_01715.jpeg, 1
img_01716.jpeg, 0
img_01717.jpeg, 0
img_01718.jpeg, 0
img_01719.jpeg, 0
img_01720.jpeg, 0
img_01721.jpeg, 0
img_01722.jpeg, 0
img_01723.jpeg, 0
img_01724.jpeg, 0
img_01725.jpeg, 0
img_01726.jpeg, 0
img_01727.jpeg, 0
img_01728.jpeg, 0
img_01729.jpeg, 0
img_01730.jpeg, 0
img_01731.jpeg, 0
img_01732.jpeg, 0
img_01733.jpeg, 1
img_01734.jpeg, 0
img_01735.jpeg, 0
img_01736.jpeg, 1
img_01737.jpeg, 0
img_01738.jpeg, 0
img_01739.jpeg, 1
img_01740.jpeg, 0
img_01741.jpeg, 0
img_01742.jpeg, 0
img_01743.jpeg, 1
img_01744.jpeg, 0
img_01745.jpeg, 0
img_01746.jpeg, 0
img_01747.jpeg, 0
img_01748.jpeg, 0
img_01749.jpeg, 1
img_01750.jpeg, 0
img_01751.jpeg, 0
img_01752.jpeg, 0
img_01753.jpeg, 0
img_01754.jpeg, 0
img_01755.jpeg, 0
img_01756.jpeg, 0
img_01757.jpeg, 0
img_01758.jpeg, 1
img_01759.jpeg, 0
img_01760.jpeg, 1
img_01761.jpeg, 0
img_01762.jpeg, 0
img_01763.jpeg, 1
img_01764.jpeg, 0
img_01765.jpeg, 0
img_01766.jpeg, 0
img_01767.jpeg, 1
img_01768.jpeg, 0
img_01769.jpeg, 0
img_01770.jpeg, 1
img_01771.jpeg, 0
img_01772.jpeg, 1
img_01773.jpeg, 0
img_01774.jpeg, 0
img_01775.jpeg, 0
img_01776.jpeg, 0
img_01777.jpeg, 0
img_01778.jpeg, 0
img_01779.jpeg, 1
img_01780.jpeg, 0
img_01781.jpeg, 0
img_01782.jpeg, 1
img_01783.jpeg, 0
img_01784.jpeg, 0
img_01785.jpeg, 1
img_01786.jpeg, 0
img_01787.jpeg, 0
img_01788.jpeg, 0
img_01789.jpeg, 1
img_01790.jpeg, 0
img_01791.jpeg, 0
img_01792.jpeg, 1
img_01793.jpeg, 1
img_01794.jpeg, 0
img_01795.jpeg, 0
img_01796.jpeg, 0
img_01797.jpeg, 0
img_01798.jpeg, 0
img_01799.jpeg, 0
img_01800.jpeg, 0
img_01801.jpeg, 0
img_01802.jpeg, 1
img_01803.jpeg, 0
img_01804.jpeg, 0
img_01805.jpeg, 1
img_01806.jpeg, 1
img_01807.jpeg, 0
img_01808.jpeg, 0
img_01809.jpeg, 0
img_01810.jpeg, 0
img_01811.jpeg, 0
img_01812.jpeg, 0
img_01813.jpeg, 1
img_01814.jpeg, 0
img_01815.jpeg, 0
img_01816.jpeg, 1
img_01817.jpeg, 0
img_01818.jpeg, 0
img_01819.jpeg, 0
img_01820.jpeg, 1
img_01821.jpeg, 0
img_01822.jpeg, 0
img_01823.jpeg, 1
img_01824.jpeg, 0
img_01825.jpeg, 1
img_01826.jpeg, 0
img_01827.jpeg, 0
img_01828.jpeg, 0
img_01829.jpeg, 0
img_01830.jpeg, 0
img_01831.jpeg, 0
img_01832.jpeg, 0
img_01833.jpeg, 1
img_01834.jpeg, 0
img_01835.jpeg, 0
img_01836.jpeg, 1
img_01837.jpeg, 1
img_01838.jpeg, 0
img_01839.jpeg, 0
img_01840.jpeg, 0
img_01841.jpeg, 0
img_01842.jpeg, 0
img_01843.jpeg, 0
img_01844.jpeg, 0
img_01845.jpeg, 0
img_01846.jpeg, 1
img_01847.jpeg, 0
img_01848.jpeg, 0
img_01849.jpeg, 0
img_01850.jpeg, 0
img_01851.jpeg, 0
img_01852.jpeg, 0
img_01853.jpeg, 1
img_01854.jpeg, 0
img_01855.jpeg, 0
img_01856.jpeg, 0
img_01857.jpeg, 0
img_01858.jpeg, 1
img_01859.jpeg, 1
img_01860.jpeg, 0
img_01861.jpeg, 0
img_01862.jpeg, 0
img_01863.jpeg, 0
img_01864.jpeg, 0
img_01865.jpeg, 0
img_01866.jpeg, 0
img_01867.jpeg, 1
img_01868.jpeg, 0
img_01869.jpeg, 0
img_01870.jpeg, 0
img_01871.jpeg, 1
img_01872.jpeg, 0
img_01873.jpeg, 0
img_01874.jpeg, 1
img_01875.jpeg, 1
img_01876.jpeg, 0
img_01877.jpeg, 1
img_01878.jpeg, 1
img_01879.jpeg, 0
img_01880.jpeg, 0
img_01881.jpeg, 0
img_01882.jpeg, 0
img_01883.jpeg, 0
img_01884.jpeg, 0
img_01885.jpeg, 0
img_01886.jpeg, 1
img_01887.jpeg, 1
img_01888.jpeg, 1
img_01889.jpeg, 0
img_01890.jpeg, 0
img_01891.jpeg, 0
img_01892.jpeg, 0
img_01893.jpeg, 0
img_01894.jpeg, 0
img_01895.jpeg, 1
img_01896.jpeg, 0
img_01897.jpeg, 1
img_01898.jpeg, 0
img_01899.jpeg, 0
img_01900.jpeg, 0
img_01901.jpeg, 0
img_01902.jpeg, 0
img_01903.jpeg, 0
img_01904.jpeg, 0
img_01905.jpeg, 0
img_01906.jpeg, 0
img_01907.jpeg, 1
img_01908.jpeg, 0
img_01909.jpeg, 0
img_01910.jpeg, 0
img_01911.jpeg, 1
img_01912.jpeg, 1
img_01913.jpeg, 0
img_01914.jpeg, 0
img_01915.jpeg, 0
img_01916.jpeg, 1
img_01917.jpeg, 0
img_01918.jpeg, 0
img_01919.jpeg, 0
img_01920.jpeg, 1
img_01921.jpeg, 1
img_01922.jpeg, 0
img_01923.jpeg, 1
img_01924.jpeg, 1
img_01925.jpeg, 1
img_01926.jpeg, 1
img_01927.jpeg, 0
img_01928.jpeg, 0
img_01929.jpeg, 0
img_01930.jpeg, 1
img_01931.jpeg, 0
img_01932.jpeg, 0
img_01933.jpeg, 1
img_01934.jpeg, 0
img_01935.jpeg, 0
img_01936.jpeg, 0
img_01937.jpeg, 0
img_01938.jpeg, 1
img_01939.jpeg, 0
img_01940.jpeg, 0
img_01941.jpeg, 0
img_01942.jpeg, 0
img_01943.jpeg, 1
img_01944.jpeg, 0
img_01945.jpeg, 0
img_01946.jpeg, 0
img_01947.jpeg, 0
img_01948.jpeg, 0
img_01949.jpeg, 1
img_01950.jpeg, 0
img_01951.jpeg, 1
img_01952.jpeg, 0
img_01953.jpeg, 0
img_01954.jpeg, 0
img_01955.jpeg, 0
img_01956.jpeg, 0
img_01957.jpeg, 1
img_01958.jpeg, 0
img_01959.jpeg, 0
img_01960.jpeg, 0
img_01961.jpeg, 0
img_01962.jpeg, 0
img_01963.jpeg, 1
img_01964.jpeg, 0
img_01965.jpeg, 0
img_01966.jpeg, 1
img_01967.jpeg, 0
img_01968.jpeg, 1
img_01969.jpeg, 0
img_01970.jpeg, 0
img_01971.jpeg, 1
img_01972.jpeg, 0
img_01973.jpeg, 0
img_01974.jpeg, 0
img_01975.jpeg, 0
img_01976.jpeg, 1
img_01977.jpeg, 0
img_01978.jpeg, 0
img_01979.jpeg, 0
img_01980.jpeg, 0
img_01981.jpeg, 0
img_01982.jpeg, 1
img_01983.jpeg, 1
img_01984.jpeg, 1
img_01985.jpeg, 1
img_01986.jpeg, 0
img_01987.jpeg, 1
img_01988.jpeg, 0
img_01989.jpeg, 0
img_01990.jpeg, 1
img_01991.jpeg, 0
img_01992.jpeg, 0
img_01993.jpeg, 1
img_01994.jpeg, 0
img_01995.jpeg, 0
img_01996.jpeg, 0
img_01997.jpeg, 1
img_01998.jpeg, 0
img_01999.jpeg, 0
img_02000.jpeg, 0
img_02001.jpeg, 0
img_02002.jpeg, 0
img_02003.jpeg, 0
img_02004.jpeg, 0
img_02005.jpeg, 0
img_02006.jpeg, 0
img_02007.jpeg, 0
img_02008.jpeg, 1
img_02009.jpeg, 0
img_02010.jpeg, 0
img_02011.jpeg, 0
img_02012.jpeg, 0
img_02013.jpeg, 1
img_02014.jpeg, 1
img_02015.jpeg, 0
img_02016.jpeg, 0
img_02017.jpeg, 0
img_02018.jpeg, 0
img_02019.jpeg, 0
img_02020.jpeg, 0
img_02021.jpeg, 0
img_02022.jpeg, 0
img_02023.jpeg, 0
img_02024.jpeg, 1
img_02025.jpeg, 0
img_02026.jpeg, 0
img_02027.jpeg, 0
img_02028.jpeg, 0
img_02029.jpeg, 0
img_02030.jpeg, 0
img_02031.jpeg, 0
img_02032.jpeg, 0
img_02033.jpeg, 0
img_02034.jpeg, 1
img_02035.jpeg, 0
img_02036.jpeg, 0
img_02037.jpeg, 0
img_02038.jpeg, 0
img_02039.jpeg, 1
img_02040.jpeg, 0
img_02041.jpeg, 0
img_02042.jpeg, 1
img_02043.jpeg, 0
img_02044.jpeg, 0
img_02045.jpeg, 0
img_02046.jpeg, 0
img_02047.jpeg, 0
img_02048.jpeg, 1
img_02049.jpeg, 0
img_02050.jpeg, 0
img_02051.jpeg, 0
img_02052.jpeg, 0
img_02053.jpeg, 1
img_02054.jpeg, 0
img_02055.jpeg, 0
img_02056.jpeg, 0
img_02057.jpeg, 0
img_02058.jpeg, 0
img_02059.jpeg, 0
img_02060.jpeg, 1
img_02061.jpeg, 1
img_02062.jpeg, 1
img_02063.jpeg, 1
img_02064.jpeg, 1
img_02065.jpeg, 1
img_02066.jpeg, 0
img_02067.jpeg, 0
img_02068.jpeg, 0
img_02069.jpeg, 0
img_02070.jpeg, 0
img_02071.jpeg, 0
img_02072.jpeg, 0
img_02073.jpeg, 1
img_02074.jpeg, 0
img_02075.jpeg, 1
img_02076.jpeg, 0
img_02077.jpeg, 0
img_02078.jpeg, 0
img_02079.jpeg, 0
img_02080.jpeg, 1
img_02081.jpeg, 0
img_02082.jpeg, 0
img_02083.jpeg, 0
img_02084.jpeg, 1
img_02085.jpeg, 0
img_02086.jpeg, 0
img_02087.jpeg, 0
img_02088.jpeg, 0
img_02089.jpeg, 0
img_02090.jpeg, 0
img_02091.jpeg, 0
img_02092.jpeg, 0
img_02093.jpeg, 0
img_02094.jpeg, 0
img_02095.jpeg, 1
img_02096.jpeg, 1
img_02097.jpeg, 0
img_02098.jpeg, 0
img_02099.jpeg, 0
img_02100.jpeg, 0
img_02101.jpeg, 0
img_02102.jpeg, 0
img_02103.jpeg, 0
img_02104.jpeg, 0
img_02105.jpeg, 1
img_02106.jpeg, 0
img_02107.jpeg, 1
img_02108.jpeg, 0
img_02109.jpeg, 1
img_02110.jpeg, 0
img_02111.jpeg, 0
img_02112.jpeg, 0
img_02113.jpeg, 1
img_02114.jpeg, 1
img_02115.jpeg, 0
img_02116.jpeg, 0
